{"cameraMode":{"drawMode":0,"name":"Shaded","section":"Shading Mode"},"sceneLighting":true,"audioPlay":false,"sceneViewState":{"m_AlwaysRefresh":false,"showFog":true,"showSkybox":true,"showFlares":true,"showImageEffects":true,"showParticleSystems":true,"showVisualEffectGraphs":true,"m_FxEnabled":true},"in2DMode":false,"pivot":{"x":-0.2384323626756668,"y":1.3515807390213013,"z":-0.9073007702827454},"rotation":{"x":0.0677567794919014,"y":-0.005359944887459278,"z":0.0003897622227668762,"w":0.9977082014083862},"size":0.2926049828529358,"orthographic":false}